{"sdk_skeletons": {"_abc": {"gen_version": "1.147", "status": "GENERATED"}, "_ast": {"gen_version": "1.147", "status": "GENERATED"}, "_asyncio": {"bin_mtime": 1587651762, "gen_version": "1.147", "status": "GENERATED"}, "_bisect": {"bin_mtime": 1587651756, "gen_version": "1.147", "status": "GENERATED"}, "_blake2": {"bin_mtime": 1587651775, "gen_version": "1.147", "status": "GENERATED"}, "_bz2": {"bin_mtime": 1587651775, "gen_version": "1.147", "status": "GENERATED"}, "_codecs": {"gen_version": "1.147", "status": "GENERATED"}, "_codecs_cn": {"bin_mtime": 1587651778, "gen_version": "1.147", "status": "GENERATED"}, "_codecs_hk": {"bin_mtime": 1587651779, "gen_version": "1.147", "status": "GENERATED"}, "_codecs_iso2022": {"bin_mtime": 1587651779, "gen_version": "1.147", "status": "GENERATED"}, "_codecs_jp": {"bin_mtime": 1587651779, "gen_version": "1.147", "status": "GENERATED"}, "_codecs_kr": {"bin_mtime": 1587651777, "gen_version": "1.147", "status": "GENERATED"}, "_codecs_tw": {"bin_mtime": 1587651778, "gen_version": "1.147", "status": "GENERATED"}, "_collections": {"gen_version": "1.147", "status": "GENERATED"}, "_contextvars": {"bin_mtime": 1587651754, "gen_version": "1.147", "status": "GENERATED"}, "_crypt": {"bin_mtime": 1587651767, "gen_version": "1.147", "status": "GENERATED"}, "_csv": {"bin_mtime": 1587651765, "gen_version": "1.147", "status": "GENERATED"}, "_ctypes": {"bin_mtime": 1587651784, "gen_version": "1.147", "status": "GENERATED"}, "_ctypes_test": {"bin_mtime": 1587651780, "gen_version": "1.147", "status": "GENERATED"}, "_curses": {"bin_mtime": 1587651769, "gen_version": "1.147", "status": "GENERATED"}, "_curses_panel": {"bin_mtime": 1587651767, "gen_version": "1.147", "status": "GENERATED"}, "_datetime": {"bin_mtime": 1587651760, "gen_version": "1.147", "status": "GENERATED"}, "_dbm": {"bin_mtime": 1587651771, "gen_version": "1.147", "status": "GENERATED"}, "_decimal": {"bin_mtime": 1587651793, "gen_version": "1.147", "status": "GENERATED"}, "_elementtree": {"bin_mtime": 1587651778, "gen_version": "1.147", "status": "GENERATED"}, "_functools": {"gen_version": "1.147", "status": "GENERATED"}, "_gdbm": {"bin_mtime": 1587651771, "gen_version": "1.147", "status": "GENERATED"}, "_hashlib": {"bin_mtime": 1587651769, "gen_version": "1.147", "status": "GENERATED"}, "_heapq": {"bin_mtime": 1587651757, "gen_version": "1.147", "status": "GENERATED"}, "_imp": {"gen_version": "1.147", "status": "GENERATED"}, "_io": {"gen_version": "1.147", "status": "GENERATED"}, "_json": {"bin_mtime": 1587651763, "gen_version": "1.147", "status": "GENERATED"}, "_locale": {"gen_version": "1.147", "status": "GENERATED"}, "_lsprof": {"bin_mtime": 1587651760, "gen_version": "1.147", "status": "GENERATED"}, "_lzma": {"bin_mtime": 1587651775, "gen_version": "1.147", "status": "GENERATED"}, "_md5": {"bin_mtime": 1587651770, "gen_version": "1.147", "status": "GENERATED"}, "_multibytecodec": {"bin_mtime": 1587651777, "gen_version": "1.147", "status": "GENERATED"}, "_multiprocessing": {"bin_mtime": 1587651780, "gen_version": "1.147", "status": "GENERATED"}, "_opcode": {"bin_mtime": 1587651761, "gen_version": "1.147", "status": "GENERATED"}, "_operator": {"gen_version": "1.147", "status": "GENERATED"}, "_pickle": {"bin_mtime": 1587651763, "gen_version": "1.147", "status": "GENERATED"}, "_posixshmem": {"bin_mtime": 1587651779, "gen_version": "1.147", "status": "GENERATED"}, "_posixsubprocess": {"bin_mtime": 1587651765, "gen_version": "1.147", "status": "GENERATED"}, "_queue": {"bin_mtime": 1587651763, "gen_version": "1.147", "status": "GENERATED"}, "_random": {"bin_mtime": 1587651756, "gen_version": "1.147", "status": "GENERATED"}, "_sha1": {"bin_mtime": 1587651770, "gen_version": "1.147", "status": "GENERATED"}, "_sha256": {"bin_mtime": 1587651770, "gen_version": "1.147", "status": "GENERATED"}, "_sha3": {"bin_mtime": 1587651776, "gen_version": "1.147", "status": "GENERATED"}, "_sha512": {"bin_mtime": 1587651770, "gen_version": "1.147", "status": "GENERATED"}, "_signal": {"gen_version": "1.147", "status": "GENERATED"}, "_socket": {"bin_mtime": 1587651769, "gen_version": "1.147", "status": "GENERATED"}, "_sqlite3": {"bin_mtime": 1587651774, "gen_version": "1.147", "status": "GENERATED"}, "_sre": {"gen_version": "1.147", "status": "GENERATED"}, "_ssl": {"bin_mtime": 1587651770, "gen_version": "1.147", "status": "GENERATED"}, "_stat": {"gen_version": "1.147", "status": "GENERATED"}, "_statistics": {"bin_mtime": 1587651763, "gen_version": "1.147", "status": "GENERATED"}, "_string": {"gen_version": "1.147", "status": "GENERATED"}, "_struct": {"bin_mtime": 1587651755, "gen_version": "1.147", "status": "GENERATED"}, "_symtable": {"gen_version": "1.147", "status": "GENERATED"}, "_testbuffer": {"bin_mtime": 1587651767, "gen_version": "1.147", "status": "GENERATED"}, "_testcapi": {"bin_mtime": 1587651768, "gen_version": "1.147", "status": "GENERATED"}, "_testimportmultiple": {"bin_mtime": 1587651765, "gen_version": "1.147", "status": "GENERATED"}, "_testinternalcapi": {"bin_mtime": 1587651765, "gen_version": "1.147", "status": "GENERATED"}, "_testmultiphase": {"bin_mtime": 1587651766, "gen_version": "1.147", "status": "GENERATED"}, "_thread": {"gen_version": "1.147", "status": "GENERATED"}, "_tkinter": {"bin_mtime": 1587651781, "gen_version": "1.147", "status": "GENERATED"}, "_tracemalloc": {"gen_version": "1.147", "status": "GENERATED"}, "_uuid": {"bin_mtime": 1587651780, "gen_version": "1.147", "status": "GENERATED"}, "_warnings": {"gen_version": "1.147", "status": "GENERATED"}, "_weakref": {"gen_version": "1.147", "status": "GENERATED"}, "_xxsubinterpreters": {"bin_mtime": 1587651765, "gen_version": "1.147", "status": "GENERATED"}, "_xxtestfuzz": {"bin_mtime": 1587651766, "gen_version": "1.147", "status": "GENERATED"}, "array": {"bin_mtime": 1587651756, "gen_version": "1.147", "status": "GENERATED"}, "atexit": {"gen_version": "1.147", "status": "GENERATED"}, "audioop": {"bin_mtime": 1587651766, "gen_version": "1.147", "status": "GENERATED"}, "binascii": {"bin_mtime": 1587651774, "gen_version": "1.147", "status": "GENERATED"}, "builtins": {"gen_version": "1.147", "status": "GENERATED"}, "cmath": {"bin_mtime": 1587651759, "gen_version": "1.147", "status": "GENERATED"}, "errno": {"gen_version": "1.147", "status": "GENERATED"}, "faulthandler": {"gen_version": "1.147", "status": "GENERATED"}, "fcntl": {"bin_mtime": 1587651763, "gen_version": "1.147", "status": "GENERATED"}, "gc": {"gen_version": "1.147", "status": "GENERATED"}, "grp": {"bin_mtime": 1587651763, "gen_version": "1.147", "status": "GENERATED"}, "itertools": {"gen_version": "1.147", "status": "GENERATED"}, "marshal": {"gen_version": "1.147", "status": "GENERATED"}, "math": {"bin_mtime": 1587651756, "gen_version": "1.147", "status": "GENERATED"}, "mmap": {"bin_mtime": 1587651764, "gen_version": "1.147", "status": "GENERATED"}, "nis": {"bin_mtime": 1587651772, "gen_version": "1.147", "status": "GENERATED"}, "ossaudiodev": {"bin_mtime": 1587651772, "gen_version": "1.147", "status": "GENERATED"}, "parser": {"bin_mtime": 1587651764, "gen_version": "1.147", "status": "GENERATED"}, "posix": {"gen_version": "1.147", "status": "GENERATED"}, "pwd": {"gen_version": "1.147", "status": "GENERATED"}, "pyexpat": {"bin_mtime": 1587651777, "gen_version": "1.147", "status": "GENERATED"}, "readline": {"bin_mtime": 1587651766, "gen_version": "1.147", "status": "GENERATED"}, "resource": {"bin_mtime": 1587651771, "gen_version": "1.147", "status": "GENERATED"}, "select": {"bin_mtime": 1587651764, "gen_version": "1.147", "status": "GENERATED"}, "spwd": {"bin_mtime": 1587651763, "gen_version": "1.147", "status": "GENERATED"}, "sys": {"gen_version": "1.147", "status": "GENERATED"}, "syslog": {"bin_mtime": 1587651764, "gen_version": "1.147", "status": "GENERATED"}, "termios": {"bin_mtime": 1587651771, "gen_version": "1.147", "status": "GENERATED"}, "time": {"gen_version": "1.147", "status": "GENERATED"}, "unicodedata": {"bin_mtime": 1587651764, "gen_version": "1.147", "status": "GENERATED"}, "xxlimited": {"bin_mtime": 1587651780, "gen_version": "1.147", "status": "GENERATED"}, "xxsubtype": {"gen_version": "1.147", "status": "GENERATED"}, "zlib": {"bin_mtime": 1587651773, "gen_version": "1.147", "status": "GENERATED"}}}